757,757,757,757,757,757,757,757,757,757,757,757,757,757,757,757,795,757,757,757,757,757,757,757,757,757,757,757,757,757,757,757,851,757,757,795,757,757,757,757,757,757,757,757,767,757,757,757,757,757,757,757,757,757,757,757,757,757,757,757,757,757,757,795,795,757,757,757,757,757,757,757,851,757,795,757,757,757,757,757,851,757,757,767,757,757,757,757,757,757,757,757,757,757,757,795,757,757,929,953,953,930,757,757,823,757,757,767,757,757,757,757,757,757,757,757,757,757,795,757
757,757,757,757,757,757,757,757,757,757,757,757,757,767,851,757,757,757,757,757,757,757,757,757,757,757,757,757,757,767,757,757,757,757,757,757,757,757,757,757,757,757,795,757,757,757,757,767,757,795,757,757,757,757,757,757,757,757,757,757,757,851,757,757,757,757,757,757,757,757,757,757,757,757,757,757,767,757,757,851,757,757,757,757,757,757,757,757,757,757,757,851,757,757,757,757,929,953,954,337,1036,952,953,953,953,953,953,953,953,930,757,757,757,757,757,851,757,757,757,757
757,851,757,757,757,757,767,851,757,757,757,757,757,757,757,1076,1077,1077,1077,1077,1077,1077,1077,1077,1077,1077,1078,757,757,757,757,757,757,767,757,757,757,757,757,851,757,757,757,757,757,757,757,757,757,757,757,757,795,757,757,757,757,767,757,757,757,757,757,757,757,757,757,757,851,757,757,757,757,767,757,823,757,757,757,757,757,757,767,757,757,757,757,757,757,851,757,757,757,757,757,929,954,1036,311,340,1610613105,-1610612369,-1610612369,-1610612369,-1610612369,369,336,1036,336,952,953,953,953,953,953,930,757,757,757,757
757,757,757,757,757,757,757,851,757,757,1076,1077,1077,1077,1077,1159,532,533,1105,1105,1105,532,1105,1105,1105,532,1160,1077,1077,1077,1077,1077,1078,757,757,757,757,757,757,757,767,757,757,851,757,757,757,757,851,757,757,757,757,757,757,757,757,851,1076,1077,1077,1077,1077,1077,1077,1077,1077,1077,1077,1078,757,757,757,757,757,757,757,757,757,757,757,757,757,757,757,757,757,757,757,757,757,757,757,851,929,954,336,1610613105,-1610612369,-1610612369,-1610612356,347,351,347,347,-1073741444,369,336,1036,1036,336,336,339,1036,336,952,930,757,757,757
795,851,757,757,757,757,757,1076,1077,1077,1159,532,532,1105,532,532,532,534,1105,392,393,393,393,393,393,393,394,1105,532,1105,532,532,1160,1077,1077,1077,1077,1078,757,757,767,757,757,757,757,757,757,757,757,757,1076,1077,1077,1077,1077,1077,1077,1077,1159,1105,532,532,533,1105,532,536,532,532,532,1160,1077,1077,1078,757,757,757,757,757,757,757,757,757,767,767,757,757,757,823,757,757,757,757,823,929,954,1036,1610613105,-1610612356,347,347,348,347,347,351,347,351,378,1036,1036,336,340,336,1036,336,338,1036,924,757,757,757
757,757,757,757,757,767,1076,1159,532,534,1105,532,532,536,1105,1105,532,1105,1105,420,421,421,421,507,507,421,453,394,532,1105,532,532,1105,532,532,535,532,1160,1077,1077,1077,1077,1077,1077,1077,1077,1077,1077,1077,1077,1159,532,532,532,1105,536,532,1105,532,1105,533,1105,532,1105,1105,1105,1105,1105,1105,532,532,532,1160,1077,1077,1077,1078,757,767,757,757,767,757,757,757,757,757,757,757,757,757,757,757,926,1036,1610613105,-1610612356,347,347,347,347,347,347,1610613116,1610613103,1610613103,-1610612367,336,336,336,336,336,340,336,336,336,924,757,757,757
757,757,757,757,757,1076,1159,532,532,532,1105,536,1105,1105,533,532,533,536,536,420,507,421,421,507,507,507,507,453,394,532,532,1105,1105,1105,532,532,1105,1105,1105,1105,1105,532,534,532,532,1105,532,532,1105,532,1105,1105,532,532,1105,1105,1105,532,1105,1105,535,532,532,532,532,536,532,1105,532,532,532,532,1105,532,533,532,1160,1077,1077,1077,1078,757,757,757,757,757,757,757,767,795,757,757,757,926,1036,367,347,347,347,347,347,1610613116,1610613103,-1610612367,336,336,340,336,336,336,339,338,310,336,1036,896,958,757,823,757
757,757,757,851,1076,1159,532,535,1105,532,535,532,532,532,532,532,532,532,535,420,507,507,507,507,421,507,421,507,453,394,532,532,533,534,1105,532,532,532,1105,532,532,532,532,532,532,532,532,1105,1105,1105,532,532,1105,1105,1105,532,532,532,533,392,393,393,393,393,393,393,393,393,393,393,393,393,394,532,536,533,1105,1105,1105,532,1160,1077,1078,757,757,757,757,757,851,757,757,757,929,954,1036,-1073741455,380,347,349,1610613116,1610613103,-1610612367,336,336,336,336,336,336,336,336,339,336,1036,337,896,958,757,757,757,757
757,767,757,757,1104,532,1105,532,532,532,532,532,532,532,534,532,532,532,536,448,449,449,449,426,421,507,507,421,507,422,535,532,532,532,1105,1105,534,532,532,532,532,532,532,532,532,532,532,532,1105,532,532,1105,1105,532,532,532,392,393,393,454,507,505,421,421,507,421,507,507,507,507,507,421,453,393,393,393,393,393,393,394,1105,1105,1160,1077,1077,1078,757,757,757,757,757,757,926,1036,336,337,-1073741455,1610613103,1610613103,-1610612367,336,336,338,336,336,1610612919,1610612918,1610612918,1610612918,183,338,1036,1036,896,958,757,757,757,757,757
757,757,757,757,1104,532,535,532,532,1105,535,532,532,532,532,532,535,532,532,532,532,532,532,448,449,449,449,449,449,450,536,532,532,532,532,532,532,532,532,532,532,532,532,532,532,532,532,532,532,532,1105,532,1105,534,533,532,420,421,504,507,421,507,421,507,421,421,507,421,421,421,421,421,421,507,507,507,507,507,421,422,1105,532,532,1105,532,1106,851,851,757,795,757,757,926,340,336,1036,339,337,336,336,336,336,336,336,1610612919,-1610612552,151,151,151,182,336,1036,311,924,757,757,757,757,757,757
757,757,757,1076,1159,532,532,535,1105,1105,533,532,532,532,536,532,532,532,532,532,532,532,532,532,532,532,532,534,533,532,535,532,532,532,532,535,535,532,532,532,534,532,532,532,532,532,532,532,532,532,532,1105,1105,536,1105,392,454,421,507,421,507,421,507,507,507,421,507,421,507,507,507,507,421,507,421,421,421,507,507,453,393,394,532,533,1105,1106,757,757,757,757,757,757,926,1036,1036,310,336,340,338,336,336,337,336,1610612919,-1610612552,151,151,151,151,182,336,340,896,958,757,757,757,757,757,757
757,757,1076,1159,1105,532,532,532,1105,532,532,532,536,532,533,532,532,532,532,532,535,532,532,532,532,534,532,532,532,532,532,532,532,532,532,536,532,534,532,532,532,532,532,533,532,532,532,532,532,532,532,532,1105,1105,392,454,507,507,507,421,507,507,421,421,421,507,507,507,507,507,421,507,421,421,421,507,421,421,507,421,507,453,394,532,1105,1106,757,757,851,757,929,953,954,1036,336,336,336,336,336,336,336,339,336,-1073741642,151,151,151,152,151,182,1036,896,958,823,757,851,757,757,757,757
767,757,1104,1105,532,1105,1105,1105,1105,1105,392,393,393,393,393,393,393,393,394,532,532,532,532,532,532,532,532,532,532,533,532,532,534,1076,1077,1077,1077,1077,1077,1077,1077,1077,1077,1077,1078,532,532,532,532,532,532,532,533,532,420,504,421,507,507,507,421,507,421,507,421,421,421,421,421,421,507,507,421,507,507,507,507,507,505,421,421,507,422,532,534,1106,757,757,757,757,926,336,336,1036,336,336,336,336,336,336,336,336,336,-1073741642,151,151,155,151,151,182,336,952,930,757,851,757,757,757,757,757
757,757,1104,532,1105,532,532,392,393,393,454,741,742,742,742,742,742,743,453,393,393,394,532,532,532,532,532,532,1076,1077,1077,1077,1077,1159,1105,1105,1105,1105,1105,1105,1105,1105,1105,1105,1160,1077,1077,1078,532,532,532,532,532,532,420,421,421,421,421,507,507,507,507,421,507,421,421,507,507,421,421,421,507,507,507,421,507,507,507,421,421,425,450,532,1105,1106,757,823,767,795,926,310,336,336,336,336,336,339,336,336,336,340,1610612919,-1610612552,151,151,151,151,151,-1073741640,183,336,924,757,757,767,757,851,757,757
757,757,1104,1105,532,532,392,454,741,742,742,803,770,770,770,770,770,802,742,742,743,422,532,532,532,532,532,532,1104,535,534,532,532,1105,1105,1105,1105,1105,1105,1105,1105,1105,1105,1105,1105,1105,1105,1160,1077,1078,532,532,532,392,454,421,421,421,421,507,421,421,421,507,507,421,421,421,421,507,507,421,507,421,507,421,507,421,421,507,421,422,532,532,532,1106,757,757,757,757,926,337,311,336,336,336,336,340,339,336,336,1610612919,-1610612552,151,151,151,151,151,151,151,182,337,952,930,757,757,757,757,757,851
757,1076,1159,1105,1105,532,420,741,803,770,770,770,770,770,774,798,798,775,770,770,771,453,394,532,532,532,532,1076,1159,533,532,1076,1077,1077,1077,1077,1077,1077,1078,532,532,532,532,1105,1105,1105,1105,1105,532,1160,1078,532,392,454,507,507,507,507,507,421,421,507,507,421,507,507,507,507,507,421,421,421,421,507,421,507,507,507,421,421,425,450,1105,1105,1192,1081,757,757,757,929,954,336,336,336,336,336,336,336,336,336,336,-1073741642,151,151,151,151,151,151,151,151,-1073741640,183,336,952,930,851,757,757,757,757
757,1104,532,532,536,532,420,769,770,770,770,770,770,774,799,421,421,769,770,770,802,743,422,532,532,532,532,1104,532,532,536,1104,1105,1105,1105,1105,1105,1105,1106,532,532,532,392,393,394,1105,1105,1105,532,532,1106,532,420,507,507,504,507,421,421,507,507,507,507,507,507,421,421,507,421,507,421,421,421,507,507,421,421,421,507,507,422,1105,1105,532,1106,1109,795,757,767,926,338,1036,1036,339,336,336,336,336,336,336,336,-1073741642,151,151,151,151,151,151,151,152,151,-1073741640,1610612918,183,952,930,757,823,757,757
757,1104,536,1105,532,536,420,797,775,770,770,770,770,771,507,421,741,803,770,770,770,771,422,532,532,533,532,1104,535,532,532,1132,1191,1105,1105,1105,1192,1133,1134,536,532,392,454,421,453,394,532,532,532,532,1106,532,420,507,421,507,421,421,421,421,421,507,507,421,507,421,507,507,507,421,421,421,507,507,507,421,507,507,425,449,450,532,532,1192,1081,1137,757,851,929,954,337,1036,336,336,336,336,338,336,340,336,336,-1073741642,151,151,152,151,151,155,151,151,151,153,153,-1073741640,183,924,757,757,757,757
757,1104,532,532,532,1105,448,426,797,798,775,770,770,802,742,742,803,770,770,770,774,799,422,532,532,532,532,1104,532,532,532,532,1132,1133,1133,1133,1134,532,532,532,392,454,421,507,425,450,532,532,535,1192,1134,532,448,449,426,421,507,421,505,507,421,507,507,507,507,507,421,507,507,421,507,507,421,507,507,507,421,421,422,1105,532,532,1192,1081,1109,757,757,929,954,1036,336,336,336,336,336,336,336,339,336,338,336,-1073741642,151,151,151,151,151,153,151,151,151,151,151,151,182,924,757,757,757,757
757,1079,1191,532,532,532,1105,448,449,426,797,775,770,770,770,770,770,770,770,770,771,425,450,535,532,535,532,1104,532,532,532,532,532,536,533,532,536,532,536,392,454,507,421,507,422,532,534,532,532,1106,532,532,532,535,420,507,421,421,507,421,507,507,421,507,505,421,507,421,421,421,507,421,421,507,507,507,421,425,450,1105,532,1192,1081,1109,1137,851,929,954,338,340,1036,336,336,336,337,336,336,336,337,1610612919,1610612918,-1610612552,151,151,151,151,151,151,151,155,151,151,151,151,182,952,930,757,757,757
767,1107,1104,1105,1105,1105,532,532,1105,448,426,797,798,775,770,770,770,770,774,798,799,422,532,532,532,532,532,1132,1191,532,532,534,532,532,532,532,392,393,393,454,421,507,421,507,422,534,532,532,532,1106,533,532,532,532,420,507,507,421,507,421,507,507,507,507,421,421,421,421,421,421,421,421,421,507,507,507,425,450,1105,532,533,1106,1109,1137,925,929,954,340,336,336,1036,336,336,338,336,336,336,1610612919,1610612918,-1610612552,151,151,151,151,154,151,151,151,153,151,151,151,151,151,182,340,924,757,757,757
757,1135,1104,1105,532,532,1105,532,532,532,448,449,426,797,798,798,798,798,799,425,449,450,532,532,532,532,532,532,1132,1191,532,532,532,532,532,392,454,507,421,507,507,507,421,421,450,532,532,1192,1133,1134,532,532,532,532,420,507,507,421,421,421,421,507,507,507,507,507,421,421,421,507,421,507,421,507,421,425,450,532,533,532,1192,1081,1137,925,925,926,1036,336,336,1036,336,336,336,336,337,336,1610612919,-1610612552,155,151,153,151,151,151,151,152,151,151,153,151,153,151,151,151,182,1036,924,757,757,757
757,757,1079,1191,532,532,532,1105,532,1105,1105,1105,448,449,449,449,449,449,449,450,532,532,535,532,532,532,532,534,532,1132,1133,1133,1133,1191,534,420,507,507,421,507,507,507,421,450,532,1192,1133,1134,394,532,532,532,534,532,448,449,449,426,507,507,507,421,507,421,507,421,507,421,507,507,507,507,421,507,421,422,532,532,535,1192,1081,1109,925,925,925,926,336,336,336,336,339,336,336,336,1610612919,1610612918,-1610612552,151,151,151,153,151,151,151,151,151,151,151,151,151,151,152,151,151,182,336,924,757,757,757
757,767,1107,1104,532,532,1105,1105,532,532,1105,534,532,1105,1105,1105,532,1105,1105,532,532,533,536,532,532,532,536,535,532,532,535,532,532,1132,1133,1133,1133,1133,1133,1133,1133,1133,1133,1133,1133,1134,421,425,450,532,536,532,532,532,532,532,532,448,449,426,507,421,421,421,507,505,421,421,421,421,507,507,507,421,425,450,532,532,532,1106,1109,1137,925,823,929,954,336,336,336,336,338,337,336,1610612919,-1610612552,151,155,151,151,151,151,151,151,151,151,151,151,151,151,151,151,151,151,151,182,1036,924,823,757,757
757,757,1135,1079,1080,1080,1080,1080,1191,532,532,532,532,1105,532,1105,1105,533,532,1105,534,1105,1105,532,532,532,532,535,532,532,532,532,532,532,448,449,426,507,421,507,421,507,421,507,507,421,421,422,532,532,532,532,532,532,532,532,532,532,535,448,449,426,507,421,507,421,507,507,421,421,421,421,507,425,450,1105,1105,1105,1192,1081,1137,925,925,925,926,1036,1036,1036,336,336,1610612919,1610612918,1610612918,-1610612552,151,151,151,151,151,151,152,151,151,153,151,151,151,151,154,155,151,151,155,151,-1073741640,183,924,757,757,757
757,757,757,1107,1108,1108,1108,1108,1079,1080,1080,1191,1105,532,532,532,534,532,532,1105,1105,532,534,1105,1105,1105,532,532,532,532,534,532,532,532,532,532,420,421,507,421,421,421,507,421,507,504,425,450,532,532,535,532,532,532,532,532,532,534,532,532,532,420,507,507,421,507,507,421,421,507,507,507,425,450,532,532,532,532,1106,1109,925,925,925,929,954,1036,1036,339,336,1610612919,-1610612552,151,151,151,153,151,151,151,151,151,153,151,151,151,151,151,151,151,151,151,151,151,151,151,153,182,924,757,757,757
757,757,767,1135,1136,1136,1136,1136,1107,1108,1108,1079,1080,1191,1105,532,1105,532,532,1105,1105,532,1105,1105,532,1105,532,532,532,532,532,532,535,532,532,532,448,426,507,421,507,507,507,507,507,425,450,532,532,532,535,532,532,532,532,532,532,532,532,532,532,448,426,507,507,507,421,421,421,507,507,507,422,1105,1105,1105,532,1192,1081,1137,925,925,929,954,1036,336,336,1610612919,1610612918,-1610612552,154,151,151,151,151,151,151,151,151,151,151,151,151,151,151,151,151,151,151,151,151,151,151,151,151,182,924,757,757,757
757,757,757,757,757,757,926,1036,1135,1136,1136,1107,1108,1079,1080,1080,1191,532,1105,532,532,532,532,1105,532,1105,1105,532,536,532,532,532,532,532,532,532,536,448,426,507,507,421,421,421,421,422,532,532,532,532,532,532,532,532,532,532,533,532,534,533,532,532,420,507,421,421,507,421,507,421,425,449,450,1105,532,1105,532,1106,1109,757,929,953,954,1036,338,1610612919,1610612918,-1610612552,154,151,151,151,151,151,152,154,151,151,151,151,151,152,151,151,151,154,153,151,151,151,151,151,151,151,151,182,924,757,757,757
757,757,757,757,767,929,954,336,336,340,1036,1135,1136,1107,1108,1108,1079,1080,1191,1105,1105,1105,532,534,532,1105,1105,1105,533,532,532,532,532,532,532,532,532,532,448,426,507,507,421,421,507,422,532,534,532,532,534,532,532,532,532,532,534,532,532,532,532,532,420,507,507,421,421,421,507,421,422,532,1105,1105,533,532,1192,1081,1137,757,926,1036,311,310,1610612919,-1610612552,151,151,151,154,151,151,151,151,151,151,151,151,153,151,151,154,151,151,155,151,151,153,151,151,151,151,151,151,151,182,924,757,757,757
757,823,757,757,757,926,1036,338,1036,336,1036,1036,1036,1135,1136,1136,1107,1108,1104,532,532,1105,532,532,532,532,532,532,532,532,532,532,532,532,532,532,532,532,532,448,426,507,507,421,421,453,394,532,532,532,532,532,532,532,532,536,532,533,532,532,532,532,448,449,426,421,425,449,449,449,450,1105,532,532,1105,1192,1081,1109,757,757,926,337,340,1610612919,-1610612552,151,154,155,154,151,151,151,154,155,151,151,151,151,151,151,151,151,153,151,151,151,154,151,151,151,151,151,151,151,151,182,924,757,757,757
757,757,757,851,929,954,336,336,336,336,336,336,1036,340,336,1036,1135,1136,1079,1080,1080,1191,532,1105,532,532,1105,1105,1105,535,532,532,532,532,532,533,532,535,536,532,420,505,507,507,421,421,453,394,532,532,532,534,532,532,532,532,535,392,393,393,393,394,532,532,448,449,450,532,532,532,1105,532,532,1192,1080,1081,1109,1137,757,757,926,339,1036,-1073741642,154,151,151,151,151,151,151,151,154,153,151,151,152,151,153,151,151,155,151,151,152,151,151,151,151,151,151,151,152,151,151,182,924,757,757,757
757,757,757,757,926,336,336,1036,1036,1036,336,340,336,340,311,336,1036,1036,1107,1108,1108,1104,532,1105,1105,532,1105,533,536,532,532,532,536,532,532,532,532,532,532,532,448,449,426,421,505,507,421,453,394,532,532,532,534,532,532,392,393,454,741,742,743,453,394,532,532,532,534,533,532,533,532,535,1105,1106,1108,1109,1137,757,757,929,954,1036,1610612919,-1610612552,151,151,151,151,151,151,151,151,151,151,151,151,151,151,152,151,151,152,153,153,151,151,151,153,151,151,151,151,155,151,151,182,924,757,757,767
851,851,757,929,954,1036,336,1036,310,1036,1036,1036,310,336,1036,1036,336,1036,1135,1136,1136,1079,1191,1105,1105,532,532,1105,392,393,394,532,532,532,532,536,533,532,534,533,536,532,448,426,507,421,505,421,422,536,532,532,532,392,393,454,741,742,803,770,802,743,453,394,532,532,532,532,532,533,1105,532,1192,1081,1136,1137,757,757,757,926,1036,336,-1073741642,151,151,151,151,151,151,151,151,151,151,151,151,151,151,151,151,151,151,151,151,151,151,153,151,151,154,151,151,151,151,151,154,182,924,757,757,757
757,757,929,954,1036,310,336,1036,336,336,336,1036,336,1036,1036,1036,1036,339,1036,1036,1036,1107,1104,1105,532,1105,532,392,454,507,453,393,394,532,532,532,532,532,532,532,532,532,532,448,426,421,421,421,422,532,534,532,532,420,741,742,803,770,770,770,770,802,743,453,394,535,532,532,535,532,532,532,1106,1109,757,757,757,757,757,926,336,1036,-1073741642,151,151,155,151,151,151,151,151,151,151,151,151,155,151,151,151,152,151,151,153,151,151,154,151,151,151,152,151,151,154,153,153,182,924,757,757,757
757,757,926,1036,1036,1036,336,1036,1036,1610613308,1610613307,1610613307,1610613307,572,1036,337,311,336,336,1036,1036,1135,1079,1191,1105,534,392,454,421,507,421,507,453,393,393,394,532,532,532,532,532,533,532,534,448,449,449,449,450,532,533,535,534,420,769,770,770,770,770,770,770,770,802,743,422,1105,1105,1105,1105,532,1105,532,1106,1137,757,757,757,823,757,926,1036,1036,-1073741642,151,151,151,151,151,151,151,151,151,151,151,153,151,151,153,154,151,151,151,151,152,152,152,151,151,151,151,151,151,151,155,151,182,924,757,823,757
767,757,926,336,1036,1610613308,1610613307,1610613307,1610613307,-1610612163,543,543,543,-1073741251,572,336,1036,1036,336,1036,336,1036,1107,1079,1191,532,420,421,507,421,421,421,421,421,421,422,534,535,532,532,532,532,532,532,534,532,532,532,532,532,532,532,532,420,769,770,864,770,770,770,770,770,770,771,422,1105,532,532,1105,1105,1105,1105,1106,757,757,757,757,757,757,926,338,336,-1073741641,184,151,151,151,151,151,151,151,151,151,154,151,155,152,153,151,151,151,151,153,151,151,151,151,151,154,151,151,151,151,151,151,182,924,757,757,757
757,929,954,1036,1610613308,-1610612163,543,909,910,910,911,546,544,543,-1073741251,572,336,337,1036,1036,336,336,1135,1107,1104,1105,448,426,421,421,507,507,421,425,426,422,1105,532,1105,532,532,536,536,535,532,532,532,532,532,532,532,532,532,420,797,775,770,864,770,770,770,770,774,799,422,1105,532,532,1105,534,532,1192,1081,757,757,757,757,757,757,926,336,311,1036,-1073741641,184,151,151,151,151,155,151,151,151,151,151,151,151,151,151,151,151,151,153,151,154,151,151,151,151,151,151,152,152,154,1610612920,-1610612553,924,757,757,767
757,926,336,1610613308,-1610612163,909,910,971,938,938,939,543,543,543,543,571,336,1036,336,1036,1036,336,336,1135,1104,532,1105,448,426,421,421,421,504,453,454,453,394,532,1105,533,532,532,535,532,532,532,534,532,532,535,532,532,532,448,426,797,798,775,770,770,774,798,799,425,450,532,1105,532,532,1105,1105,1106,1109,757,757,757,757,757,757,957,898,1036,336,336,-1073741641,-1610612554,184,151,151,151,152,1610612920,-1610612554,-1610612554,-1610612554,-1610612554,-1610612554,-1610612554,-1610612554,-1610612554,-1610612554,-1610612554,-1610612554,-1610612554,-1610612554,184,151,151,151,153,152,155,151,151,182,339,924,851,757,757
757,926,1036,-1073741253,546,937,938,938,938,942,967,543,545,543,1610613309,-1610612164,336,336,1036,1036,336,1036,336,1036,1104,1105,532,1105,420,421,421,507,507,507,507,507,422,532,1105,1105,534,532,532,534,535,532,534,532,532,532,532,532,532,532,448,449,426,797,798,798,799,425,449,450,532,532,1105,1105,532,1192,1080,1081,1137,757,757,757,757,757,757,757,957,897,898,336,336,1036,-1073741641,-1610612554,-1610612554,-1610612554,-1610612554,-1610612553,340,336,336,896,897,897,536871977,536872005,536872033,897,897,897,898,-1073741641,-1610612554,184,151,151,151,151,151,1610612920,-1610612553,337,924,757,757,757
823,926,1036,-1073741253,909,971,938,938,942,967,543,543,543,543,571,339,336,336,336,337,336,1036,310,1036,1079,1191,1105,532,448,426,504,507,507,507,421,507,422,532,1105,1105,532,532,532,532,532,532,533,536,532,532,532,532,532,532,532,532,448,449,449,449,449,450,532,532,532,1105,532,1192,1080,1081,1108,1109,757,757,757,757,757,757,757,757,757,757,957,897,897,897,897,897,897,897,897,897,897,897,897,958,757,851,536871977,536872005,536872033,757,757,757,957,897,898,-1073741641,184,151,151,151,151,182,311,896,958,757,757,757
757,926,340,-1073741253,937,938,938,938,939,543,544,545,543,1610613309,-1610612164,338,336,336,336,1036,310,336,340,1036,1107,1079,1191,1105,532,448,426,507,507,507,421,507,422,532,532,532,532,1105,535,532,532,532,532,533,532,532,536,532,532,532,532,532,536,532,1105,532,1105,532,532,532,1105,1192,1080,1081,1108,1109,1136,1137,757,757,823,757,757,757,757,757,757,757,757,757,757,757,757,757,757,757,757,757,757,757,757,757,851,757,536871977,536872005,536872033,757,757,757,851,757,957,898,-1073741641,-1610612554,-1610612554,-1610612554,-1610612554,-1610612553,338,924,757,757,757,757
757,926,311,-1073741253,937,938,938,938,939,544,543,547,547,571,336,336,336,336,336,336,1036,339,336,1036,1135,1107,1079,1191,532,532,448,426,421,421,421,507,422,536,1105,1105,532,532,532,532,533,532,532,532,532,532,532,532,532,1105,1105,1105,1105,1105,1105,532,532,532,532,1192,1080,1081,1108,1109,1136,1137,757,757,757,757,757,757,757,757,757,757,757,757,757,757,757,757,757,757,757,757,757,757,823,757,757,767,757,757,536871977,536872005,536872033,757,757,757,757,757,757,957,897,898,339,340,336,337,896,958,757,757,757,757
929,954,1036,-1073741253,965,943,938,938,939,545,543,543,545,571,337,336,336,336,336,336,336,336,336,336,896,1135,1107,1104,532,1105,532,448,449,426,507,425,450,534,532,1105,532,536,1105,532,1105,536,532,532,532,532,532,1105,1105,533,1105,534,532,1105,1105,1105,532,532,1192,1081,1108,1109,1136,1137,757,757,757,757,757,767,757,757,767,757,757,757,757,757,757,823,757,757,757,757,757,757,757,757,757,757,757,757,761,785,536871977,536872005,536872033,785,762,757,823,757,757,757,757,957,898,336,310,896,958,757,823,757,757,757
926,1036,1610613308,-1610612163,544,937,938,942,967,543,543,547,543,571,339,336,339,336,337,336,337,336,1036,1036,924,851,1135,1079,1191,532,532,532,532,448,449,450,532,532,536,1105,532,532,1105,532,532,1105,532,532,532,1105,532,1105,533,533,1105,1105,532,1105,532,532,532,1192,1081,1109,1136,1137,757,757,757,757,757,761,785,785,785,785,785,785,785,785,785,762,757,757,757,757,757,757,757,767,757,761,785,785,785,785,786,40,29,40,29,868,784,785,762,757,757,757,823,757,957,897,897,958,757,757,757,757,757,757
926,1036,-1073741253,543,547,965,966,967,543,543,543,1610613309,-1610612165,-1610612164,336,340,336,336,336,336,336,338,336,1036,924,757,757,1107,1079,1080,1080,1191,535,532,1105,1105,536,532,1105,535,1105,1105,536,1105,532,1105,1105,532,532,1105,1105,1105,1105,532,534,534,533,532,532,532,1192,1081,1109,1137,757,757,757,761,785,785,785,786,29,40,29,29,40,29,29,40,29,784,785,785,785,785,785,785,785,785,785,786,40,40,44,68,68,68,68,45,29,40,113,40,784,785,785,785,762,757,851,757,757,757,757,757,757,757,851,757
926,337,-1073741253,543,543,546,543,543,544,543,1610613309,-1610612164,336,336,336,336,336,336,336,337,336,1036,1036,336,924,757,757,1135,1107,1108,1108,1079,1191,532,535,1105,1105,1105,532,532,532,1105,532,532,534,532,532,532,1105,535,532,532,532,1105,1105,532,532,1105,533,1192,1081,1109,1137,757,757,761,785,786,40,29,29,29,29,29,40,40,29,113,40,29,29,40,29,40,29,40,29,29,40,40,40,29,40,44,69,153,151,155,151,67,68,68,45,29,40,29,29,40,784,762,757,757,757,757,757,757,757,757,757,757
926,336,-1073741252,-1610612165,573,543,543,543,543,543,571,336,336,336,340,196,198,336,336,336,337,336,336,336,924,757,757,757,1135,1136,1136,1107,1104,532,1105,532,532,532,1105,392,393,394,534,532,1105,1105,1105,532,1105,1105,532,1105,1105,532,392,393,394,532,1105,1106,1109,1137,925,761,785,786,29,29,29,40,29,29,29,29,29,40,40,40,29,29,40,40,40,29,29,40,40,29,29,40,40,29,29,41,151,151,152,151,151,151,153,151,67,68,45,40,40,29,40,756,757,757,757,757,757,757,757,757,757,757
957,898,310,1036,-1073741252,-1610612165,-1610612165,-1610612165,-1610612165,-1610612165,-1610612164,336,336,338,336,224,257,198,336,336,336,336,1036,1036,952,930,757,757,757,757,757,1135,1079,1080,1191,532,532,532,535,420,507,453,393,393,394,1105,1105,1105,532,535,1105,532,392,393,454,507,453,394,1192,1081,1137,761,785,786,29,29,40,33,57,57,57,34,29,29,29,29,29,40,29,40,40,29,29,29,40,29,40,29,29,40,40,112,29,41,151,155,151,151,155,151,151,151,151,151,67,68,45,40,40,756,757,757,757,757,757,757,757,757,757,757
757,926,336,1036,1036,336,336,336,336,338,336,336,336,336,336,252,230,226,338,336,336,1036,340,338,1036,924,757,757,757,757,767,757,1107,1108,1079,1191,532,532,535,420,421,507,421,421,453,393,394,1105,392,393,393,393,454,507,421,421,421,422,1106,1109,925,758,40,40,33,57,57,58,140,141,140,56,57,34,29,29,29,29,29,29,29,40,29,29,29,29,29,113,29,29,29,29,29,41,153,151,155,151,151,151,151,151,151,151,151,151,67,45,29,784,762,757,757,757,757,757,757,757,757,757
757,957,898,336,1036,336,336,336,336,336,336,336,336,336,339,336,224,226,336,336,336,336,336,336,336,924,757,757,757,757,757,757,1135,1136,1107,1079,1080,1080,1191,448,426,421,507,507,421,507,453,393,454,507,507,504,421,421,421,421,421,422,1106,1137,761,786,29,33,58,140,143,141,140,140,140,140,140,56,57,34,29,29,29,29,29,40,29,29,29,29,29,29,29,29,29,29,29,41,151,151,151,151,155,151,151,151,151,151,151,151,151,39,40,112,756,757,757,757,757,757,757,757,757,757
757,851,926,336,336,336,336,336,336,336,338,336,336,336,339,336,224,257,198,336,336,336,336,336,336,952,930,823,757,757,757,757,757,757,1135,1107,1108,1108,1104,1105,420,421,507,421,507,507,421,507,421,507,507,421,421,507,507,421,507,422,1106,757,758,29,40,30,143,140,140,140,140,140,140,140,140,140,140,56,34,29,29,29,29,40,40,29,29,29,29,29,29,29,29,29,29,72,13,151,151,155,152,151,151,151,151,151,152,153,151,39,29,29,756,757,757,823,757,757,795,757,757,757
757,757,926,336,336,336,336,337,336,336,336,338,336,336,336,336,252,230,226,336,336,336,336,336,336,336,924,757,757,795,767,757,757,757,757,1135,1136,1136,1104,1105,420,507,507,421,507,421,507,421,507,507,421,421,421,507,421,421,507,422,1106,757,758,40,40,30,140,140,140,140,140,143,140,140,140,140,140,140,28,29,29,29,29,40,40,29,29,29,29,29,113,29,29,29,29,29,72,12,12,12,13,151,151,151,152,151,151,151,151,67,45,112,756,757,757,757,757,757,757,757,757,757
757,757,957,898,339,336,336,336,336,336,336,336,336,336,336,336,336,224,226,336,336,336,336,311,1036,1036,924,757,757,757,757,757,757,757,757,757,757,757,1104,532,420,421,507,507,504,507,507,421,507,507,507,507,507,421,421,507,507,422,1106,757,758,29,40,61,2,140,140,140,140,141,141,140,143,141,140,140,28,40,29,29,29,29,40,29,29,29,29,29,29,29,29,29,29,29,29,113,29,29,72,12,13,151,152,152,151,151,151,151,39,40,784,785,762,757,757,757,757,757,757,757
757,757,757,926,336,336,336,336,336,336,338,336,336,337,336,336,336,224,226,336,338,336,336,337,337,336,952,930,757,767,757,757,757,757,757,757,757,757,1104,1105,448,426,507,507,507,421,421,505,507,507,421,507,421,507,505,507,425,450,1106,757,789,730,40,29,30,140,140,141,140,140,144,140,144,140,140,0,62,40,29,29,29,40,29,29,29,29,1216,1217,1217,1217,1217,1217,1218,29,29,112,29,29,29,112,72,12,13,151,151,151,151,151,67,45,29,40,784,762,767,757,757,757,757,757
757,757,757,926,1036,1036,336,1610613308,1610613307,572,336,336,338,336,336,336,336,224,257,198,336,338,339,1036,1036,336,336,952,930,757,757,823,757,767,757,757,757,757,1104,535,532,448,426,507,421,421,507,507,507,507,505,507,507,421,507,507,422,1105,1106,757,823,789,730,29,61,1,2,140,140,144,140,140,140,140,0,62,29,29,29,112,29,29,29,29,29,29,1244,29,29,29,29,29,1300,1217,1218,29,29,29,29,29,29,29,72,13,153,151,152,151,152,39,40,40,29,784,762,757,757,757,757,757
767,757,757,926,336,1610613308,1610613307,-1610612163,546,-1073741251,1610613307,1610613307,572,336,336,336,336,252,230,226,336,338,338,1036,1036,1036,336,339,952,953,953,930,757,757,757,823,757,823,1079,1191,532,1105,448,426,421,507,421,421,507,421,421,421,421,507,421,421,422,533,1106,757,757,757,789,730,29,29,61,1,1,1,2,140,140,0,62,29,29,29,29,29,40,40,40,29,1216,1217,1299,29,29,29,29,29,1245,1245,1246,29,29,29,29,29,29,29,29,72,12,13,151,151,151,67,45,40,29,40,784,762,757,757,757,757
757,767,757,926,1610613308,-1610612163,543,403,404,405,543,543,571,336,339,336,336,336,224,226,336,336,336,1036,339,336,1036,336,336,336,1036,952,953,953,953,953,953,930,1107,1104,532,1105,532,448,449,449,449,426,507,507,507,507,421,507,507,421,422,1105,1106,757,757,757,757,758,40,29,40,29,29,40,61,1,1,62,29,40,40,29,40,40,29,40,29,29,1244,1216,1217,1217,1217,1217,1218,33,58,56,89,1217,1217,1217,1217,1218,29,29,29,29,29,72,12,13,153,151,39,40,29,29,40,784,762,757,757,757
757,851,757,926,-1073741253,403,404,465,518,464,404,405,571,336,336,336,336,336,224,226,1036,310,336,1036,336,339,336,311,337,1036,1036,1610613105,-1610612369,-1610612369,-1610612369,-1610612369,379,952,1135,1079,1080,1191,532,1105,532,1105,532,420,421,421,421,421,507,507,421,425,450,1192,1081,757,757,757,757,758,29,40,29,40,29,29,40,40,29,29,40,29,40,40,29,40,29,40,29,29,1244,1244,1245,1245,1245,1245,1246,61,2,140,140,56,57,34,29,1246,29,29,29,29,29,29,29,72,13,151,39,29,29,29,40,40,756,757,757,757
757,757,823,926,-1073741253,431,518,518,518,518,432,433,571,336,336,336,336,336,224,226,1036,336,336,1036,1036,336,336,1036,336,336,1610613105,-1610612356,347,347,347,347,378,1036,1036,1107,1108,1079,1080,1080,1191,532,1105,448,449,449,426,421,507,507,507,422,532,1106,1109,757,757,757,757,789,729,730,40,29,29,40,29,29,29,40,40,29,40,40,29,29,29,29,1216,1217,1245,1272,1331,1245,1332,1273,1274,29,30,144,140,140,140,28,29,1300,1218,29,29,29,29,29,29,29,72,12,73,29,29,40,29,40,756,757,757,757
757,757,757,926,-1073741253,431,518,518,518,432,436,461,571,336,336,336,340,336,224,226,311,336,336,1036,1036,1036,336,336,336,336,367,347,347,350,348,347,-1073741444,-1610612369,379,1135,1136,1107,1108,1108,1079,1080,1080,1191,532,532,448,449,449,449,449,450,532,1106,1137,757,757,757,823,757,757,789,729,730,29,40,40,40,40,29,40,40,40,40,40,40,29,29,1244,29,1245,29,1272,1273,1274,29,29,33,58,140,140,140,140,28,29,1245,1246,29,29,29,29,112,29,29,113,29,29,29,29,29,29,40,784,762,757,757
757,757,757,926,-1073741253,431,432,432,516,436,461,1610613309,-1610612164,336,336,340,336,336,224,226,336,336,1036,338,1036,336,336,336,336,336,367,347,347,347,347,347,347,351,378,1036,1036,1135,1136,1136,1107,1108,1108,1079,1080,1080,1080,1080,1080,1080,1080,1080,1080,1081,757,757,757,757,757,757,757,757,757,789,729,729,730,29,40,40,40,40,40,40,40,29,112,29,1219,1220,1331,29,29,29,29,29,33,58,140,0,1,1,1,62,29,1332,1221,29,29,29,29,29,29,29,33,57,57,57,57,34,29,40,29,756,757,757
823,757,929,954,-1073741253,459,437,432,436,461,1610613309,-1610612164,336,336,336,1036,1036,336,224,226,1036,1036,310,336,336,1036,336,336,337,336,367,347,348,347,347,347,347,347,-1073741444,-1610612369,-1610612369,-1610612369,379,1036,1135,1136,1136,1107,1108,1108,1108,1108,1108,1108,1108,1108,1108,1109,757,757,757,767,757,757,757,757,757,757,757,757,789,729,730,29,40,29,29,40,29,29,29,29,1275,1276,1244,29,29,29,29,33,58,144,140,28,29,29,29,29,29,1246,1277,29,29,29,113,33,57,57,58,140,140,143,140,56,57,34,40,756,757,757
757,757,926,338,-1073741253,543,459,460,461,1610613309,-1610612164,337,336,336,336,1036,336,336,224,226,311,1036,336,336,1036,1036,336,336,336,336,-1073741455,368,347,347,348,348,350,347,347,347,347,347,378,1036,1036,1036,1036,1135,1136,1136,1136,1136,1136,1136,1136,1136,1136,1137,930,757,851,757,757,757,757,757,757,757,757,757,757,757,789,729,729,729,729,730,40,40,29,29,29,29,1244,29,29,29,29,30,140,144,0,62,1332,1220,1220,1220,1220,1221,29,29,29,29,29,30,140,140,144,140,140,140,140,140,140,28,29,756,757,757
795,757,926,336,-1073741252,-1610612165,-1610612165,-1610612165,-1610612165,-1610612164,338,336,340,337,337,1036,336,339,224,226,336,1036,336,336,1036,1036,336,336,336,336,340,-1073741455,1610613103,368,351,347,347,347,347,347,347,1610613116,-1610612367,1036,1036,336,311,1036,1036,336,1036,1036,224,226,1036,1036,1036,1036,952,930,757,757,757,757,757,757,757,757,757,757,757,757,757,757,757,757,757,758,40,40,29,40,29,29,1244,29,29,29,29,61,1,1,62,40,1246,1276,1276,1276,1276,1277,29,29,29,113,29,30,141,140,140,1610613112,-1610612568,-1610612568,-1610612568,376,144,28,40,756,757,757
757,757,926,311,1036,336,339,336,336,336,336,1036,1036,1036,1036,1036,336,336,224,257,198,336,336,336,1036,338,338,336,336,336,336,336,336,367,351,348,347,347,347,1610613116,1610613103,-1610612367,1036,336,1036,336,311,1036,336,336,1036,336,224,226,1036,1036,1036,1036,1036,952,953,953,953,953,953,953,953,953,953,930,757,757,757,757,757,757,757,789,729,730,40,40,40,29,1219,1220,1220,1331,29,29,29,29,29,29,1246,29,29,29,29,29,29,29,29,29,33,58,140,140,1610613112,-1610612359,351,347,347,375,140,28,40,756,757,757
757,757,926,336,336,336,336,338,336,336,310,1036,1036,336,336,1036,311,336,252,230,226,1036,1036,336,336,336,336,336,336,336,340,336,339,-1073741455,1610613103,380,347,347,1610613116,-1610612367,336,336,336,1036,1036,1036,336,340,336,1036,340,336,224,226,1036,1036,336,1036,1036,1036,1036,336,336,1036,336,336,1036,310,336,952,930,757,757,757,757,757,795,757,757,758,29,40,29,29,1275,1276,1276,1219,1220,1220,1220,1220,1220,1220,1221,1245,29,29,29,29,112,29,29,29,30,140,140,1610613112,-1610612359,347,347,347,351,375,140,28,29,756,757,757
757,823,926,1036,338,1036,336,1036,336,338,1036,336,1036,336,1036,336,336,336,340,224,226,336,336,336,336,336,336,336,336,340,336,336,336,336,336,-1073741455,1610613103,1610613103,-1610612367,336,338,338,336,336,336,336,336,336,336,1036,336,1036,224,226,1036,336,336,337,337,1036,1036,336,336,336,336,311,1036,1036,1036,1036,952,930,757,757,757,757,757,823,757,789,730,29,40,40,29,29,29,1275,1276,1276,1276,1276,1276,1276,1277,29,29,29,29,29,29,29,29,113,30,144,140,168,350,347,347,351,347,375,143,28,40,756,757,757
757,929,954,336,336,336,1036,336,1036,336,1036,336,336,1036,1036,336,336,336,336,224,257,198,336,336,338,336,336,336,336,336,336,336,337,336,340,336,336,338,337,336,336,336,336,336,336,339,336,336,336,338,336,336,224,257,198,336,336,338,336,337,336,1036,336,1036,336,336,336,336,336,340,338,952,953,930,757,757,757,757,757,757,758,29,40,40,29,29,29,29,29,29,29,29,29,29,29,29,29,29,29,29,29,29,29,29,30,140,1610613112,-1610612359,347,349,347,347,349,375,0,62,40,756,757,757
757,926,1036,336,311,1036,1610613105,-1610612369,-1610612369,-1610612369,379,339,1036,1036,336,337,336,336,336,252,230,226,336,336,336,336,336,337,336,337,336,336,336,336,340,337,336,336,336,336,340,336,336,336,336,336,336,336,336,336,336,336,252,230,226,336,336,337,336,336,336,336,337,336,336,336,336,336,336,1036,336,1036,336,924,757,757,757,757,757,757,758,40,40,29,40,29,29,29,40,29,29,29,29,29,29,29,29,29,29,112,29,29,29,33,58,140,168,347,347,347,350,347,1610613113,-1610612360,28,40,29,756,757,757
757,926,1036,336,337,1610613105,-1610612356,347,347,347,-1073741444,369,336,338,336,1036,336,336,337,1036,224,257,197,197,198,336,336,336,336,336,339,336,336,337,336,339,336,339,336,336,338,336,336,336,336,338,336,336,336,336,336,336,1036,224,226,336,336,336,336,336,336,336,339,336,336,336,336,336,336,1036,1036,1036,336,952,930,757,757,757,757,757,758,29,29,29,40,29,29,112,40,40,29,29,29,113,29,29,29,29,29,29,29,29,29,30,140,140,168,347,347,347,351,347,375,140,28,29,40,756,757,757
757,926,1036,336,1610613105,-1610612356,347,348,347,347,347,-1073741444,369,338,336,336,336,338,336,1036,252,253,253,230,257,197,198,336,336,336,336,336,336,336,336,338,336,336,340,336,336,336,336,336,336,336,338,336,340,336,336,196,197,258,257,198,336,336,336,336,336,336,336,338,336,336,338,336,336,338,336,1036,1036,336,952,930,757,757,767,757,789,729,730,29,29,29,29,29,40,40,40,29,29,29,29,29,29,29,113,29,29,29,29,30,140,143,-1073741448,377,349,347,347,347,375,140,28,40,29,756,757,757
757,926,1036,1610613105,-1610612356,347,347,347,347,347,347,349,378,336,339,336,336,336,336,336,336,1036,336,252,253,230,257,197,197,198,336,338,338,336,338,336,336,336,336,336,336,336,336,337,336,336,336,196,197,197,197,258,229,253,230,257,197,198,336,336,336,336,336,336,337,336,336,336,336,336,337,1036,1036,336,336,924,757,757,757,757,757,757,758,29,29,40,40,29,29,29,29,29,40,29,29,29,29,29,29,29,29,29,29,30,140,140,140,-1073741448,1610612904,169,347,1610613113,-1610612360,140,28,40,728,790,757,851
757,926,336,367,347,347,347,347,347,348,347,1610613116,-1610612367,336,336,310,1036,1036,339,340,1036,310,336,336,336,252,253,253,230,257,197,197,197,198,338,336,340,336,336,336,340,336,336,196,197,197,197,258,229,253,253,253,254,336,252,253,230,257,197,198,336,340,337,196,197,197,197,197,197,197,197,197,197,198,311,952,930,757,757,757,757,757,789,730,29,29,29,40,40,40,40,29,33,57,34,29,29,29,29,29,29,29,29,30,140,142,140,140,140,-1073741448,1610612904,-1610612360,140,140,28,728,790,757,757,757
757,926,1036,367,348,347,347,347,347,347,1610613116,-1610612367,337,336,337,336,1036,1036,339,1036,336,1036,336,337,1036,336,336,336,252,230,229,253,230,257,197,197,197,197,197,197,197,197,197,258,229,253,253,253,254,336,336,336,336,336,336,336,252,253,230,257,197,197,197,258,229,253,253,253,253,253,253,253,230,257,198,1036,952,930,757,757,757,757,757,789,730,29,40,40,40,40,40,33,58,140,56,57,57,34,29,29,29,29,33,58,140,142,140,140,140,140,140,140,0,1,62,756,757,757,757,757
757,926,336,367,350,347,347,347,347,1610613116,-1610612367,336,336,338,336,336,340,1036,1036,336,336,1036,1036,1036,1036,339,336,336,196,258,226,336,252,253,253,253,253,253,253,253,253,253,253,253,254,336,336,336,336,337,340,337,336,336,336,336,337,336,252,253,253,253,253,253,254,339,337,1610613105,-1610612369,-1610612369,-1610612369,369,252,230,257,198,336,924,757,757,757,757,757,757,758,112,29,40,29,29,40,30,140,140,140,140,140,28,29,29,29,29,30,140,140,144,140,140,140,140,140,140,28,40,40,756,757,757,757,767
757,926,1036,367,347,347,347,347,347,378,336,338,336,336,336,336,340,336,1036,338,336,336,1036,336,1036,1036,336,339,224,229,254,336,338,336,336,337,336,336,336,336,336,336,336,340,336,340,336,336,340,336,336,336,336,336,336,336,336,336,336,336,336,337,336,336,336,1610613105,-1610612369,-1610612368,347,347,351,378,336,252,230,257,198,952,930,757,757,757,757,757,789,730,40,29,29,40,40,30,140,140,143,140,140,56,34,29,29,29,30,143,140,140,140,143,140,140,140,0,62,29,728,790,757,757,757,757
757,926,340,-1073741455,1610613103,380,347,347,347,378,336,336,336,336,337,336,336,336,1036,336,336,336,340,339,1036,336,336,336,224,226,336,336,336,336,336,336,336,336,336,336,337,336,340,336,336,336,336,336,336,336,338,336,336,336,336,336,336,338,336,336,338,336,339,336,1610613105,-1610612368,347,347,347,347,347,-1073741456,369,338,252,230,226,1036,924,757,757,757,757,757,757,758,40,40,40,112,29,30,140,140,140,144,140,140,28,29,29,29,30,140,140,141,140,140,140,140,144,28,40,40,756,757,757,757,757,757
757,957,898,337,336,-1073741455,1610613103,380,1610613116,-1610612367,336,336,336,336,336,336,336,336,1036,336,1036,336,1036,1036,1036,336,336,196,258,226,336,336,336,336,336,336,336,340,336,337,336,336,338,336,336,336,336,336,336,340,336,336,336,338,336,336,336,336,340,1610613105,-1610612369,-1610612369,-1610612369,-1610612369,-1610612368,347,347,348,350,347,350,347,-1073741456,-1610612369,379,224,257,198,924,757,757,757,757,757,757,789,730,40,29,29,29,61,2,140,140,140,140,140,28,29,29,29,30,140,140,140,140,140,140,140,140,28,40,40,756,757,757,757,757,757
757,757,926,1036,1036,310,1036,-1073741455,-1610612367,340,336,338,336,336,336,339,336,336,1036,1036,339,1036,340,1036,336,1036,196,258,229,254,336,336,338,336,336,339,336,336,336,336,337,336,336,336,336,336,336,336,340,336,336,336,336,340,337,336,336,336,1610613105,-1610612368,349,347,347,350,347,347,349,347,347,347,347,348,347,347,378,252,230,226,952,930,757,757,757,757,757,757,758,40,29,29,40,29,61,2,142,140,140,0,62,29,29,29,61,2,140,140,140,140,140,140,140,28,40,40,756,757,757,757,757,757
757,757,957,898,336,336,336,340,336,336,340,336,336,340,336,336,337,336,336,1036,336,340,1036,311,196,197,258,229,254,336,336,337,336,336,336,336,336,336,336,336,336,336,336,336,336,336,336,336,339,336,336,336,336,336,336,336,336,1610613105,-1610612368,347,349,347,347,347,347,347,347,347,347,347,347,347,347,351,-1073741456,369,224,257,198,924,757,823,757,757,757,757,758,40,29,40,29,29,29,30,140,140,140,28,29,29,29,29,113,30,140,140,140,140,140,141,140,28,29,40,756,757,757,757,757,757
757,757,757,926,339,336,336,340,339,336,336,336,339,338,336,336,336,338,336,1036,336,336,196,197,258,229,253,254,336,336,336,339,340,336,336,336,336,336,336,336,336,337,336,336,336,340,336,336,336,336,336,337,336,336,336,336,1610613105,-1610612368,351,347,347,351,347,347,347,347,347,350,347,348,349,347,347,347,347,378,252,230,226,924,757,757,757,757,851,757,789,730,29,29,40,29,29,30,140,140,140,28,29,29,29,29,29,30,140,142,140,143,140,140,140,28,29,40,756,757,757,757,757,757
757,757,757,957,898,1036,336,340,336,336,339,336,336,336,338,339,336,340,336,1036,196,197,258,229,253,254,1036,336,337,336,336,336,336,336,336,336,336,338,339,340,336,336,336,336,336,336,336,336,336,336,336,336,336,340,336,1610613105,-1610612368,347,347,351,347,347,347,347,347,351,347,347,347,347,347,347,1610613311,1610613310,575,-1073741456,379,224,226,924,757,757,757,757,757,757,757,758,40,40,29,29,29,61,2,140,0,62,29,29,29,29,29,61,1,2,140,140,140,140,140,56,34,29,784,762,757,757,757,757
757,757,823,757,926,1036,340,338,336,336,336,336,336,336,336,336,336,336,336,196,258,229,253,254,336,336,1036,336,336,336,339,336,336,336,336,337,336,336,337,336,336,336,339,336,336,336,340,336,336,336,338,336,336,336,336,367,347,347,347,347,347,349,347,347,347,347,347,350,350,347,347,347,-1073741250,546,574,347,378,224,226,924,757,757,757,757,757,757,757,758,29,29,29,29,29,29,61,1,62,1245,29,113,29,29,29,29,29,30,143,140,140,140,140,140,56,34,40,756,757,757,757,757
795,757,757,757,926,336,339,336,336,336,336,336,336,336,336,337,336,336,336,224,229,254,1036,1036,336,1036,336,336,336,336,336,336,337,336,336,336,336,338,336,336,338,336,339,336,336,336,336,336,336,336,336,336,336,336,1610613105,-1610612368,347,347,347,347,347,347,347,347,348,347,347,349,347,347,347,1610613311,-1610612160,543,-1073741248,575,378,224,257,1097,1097,1097,1097,1097,1097,1097,1097,1097,1097,29,40,112,29,29,29,29,29,1245,29,113,29,29,29,29,29,61,2,140,141,1610613112,-1610612568,376,140,28,40,784,762,757,757,757
757,757,757,757,926,338,1036,336,336,336,339,336,336,336,336,337,340,336,196,258,226,1036,1036,1036,339,1036,1036,336,336,336,336,336,336,339,336,340,340,336,336,336,336,336,336,336,336,336,337,336,336,336,340,336,336,1610613105,-1610612368,351,347,347,347,347,347,347,351,347,347,351,348,347,347,347,347,-1073741250,543,543,545,574,378,252,253,1125,1125,1125,1125,1125,1125,1125,1125,1125,1125,40,40,29,112,29,29,29,29,29,29,29,29,29,29,29,29,29,30,140,1610613112,-1610612359,351,-1073741447,170,56,34,40,784,762,757,757
757,757,757,757,926,1036,1036,336,336,340,340,339,336,339,336,339,336,196,258,229,254,336,311,1036,336,336,338,336,336,338,336,340,336,336,336,336,336,339,339,336,336,336,339,337,336,336,336,336,336,336,336,336,336,367,347,347,347,347,350,347,347,347,348,347,347,351,347,347,347,347,347,-1073741250,543,543,543,574,-1073741456,369,339,1153,1153,1153,1153,1153,1153,1153,1153,1153,1153,40,40,29,29,29,29,29,29,29,29,29,29,29,29,29,29,29,30,140,168,347,347,347,375,140,28,40,40,756,757,757
757,757,757,757,957,898,336,337,336,336,336,336,336,339,336,336,336,224,229,254,1036,1036,1036,1036,338,336,336,336,336,336,336,336,336,336,336,336,336,336,336,336,336,336,336,336,336,340,340,336,336,336,336,339,1610613105,-1610612368,347,347,347,347,347,351,347,350,347,347,351,347,347,347,347,347,1610613311,-1610612160,543,547,543,574,1610613104,-1610612367,336,924,823,757,757,851,757,757,757,758,40,40,40,29,29,29,29,29,29,29,29,29,29,29,29,29,29,29,61,2,168,347,347,350,375,140,28,40,40,756,757,757
757,757,757,757,757,957,898,339,336,336,337,339,336,336,336,336,336,224,226,336,337,336,336,1036,1036,1036,1036,336,336,336,336,336,336,336,336,336,338,337,336,336,1610613105,-1610612369,-1610612369,-1610612369,-1610612369,369,336,336,336,336,336,1610613105,-1610612368,347,347,347,347,349,347,347,351,347,350,347,349,347,347,347,349,349,-1073741250,543,543,543,1610613312,-1610612161,378,336,311,924,757,795,757,757,757,757,757,758,113,40,29,29,29,29,29,29,29,29,29,29,29,29,29,29,29,29,29,30,-1073741448,377,351,347,375,140,28,29,29,756,757,757
757,757,757,757,757,757,926,311,337,336,336,336,340,336,336,336,196,258,226,336,338,1036,339,1036,336,1036,336,336,340,336,336,338,336,336,336,336,336,336,1610613105,-1610612369,-1610612368,347,347,347,347,-1073741456,-1610612369,-1610612369,-1610612369,-1610612369,-1610612369,-1610612368,347,349,347,347,347,347,347,347,347,347,347,348,347,347,347,347,347,347,-1073741250,543,543,1610613312,-1610612161,347,378,336,896,958,757,757,757,757,757,761,785,786,40,29,29,29,113,29,29,29,29,29,29,29,33,57,57,57,57,34,29,61,2,-1073741448,1610612904,1610612904,-1610612360,0,62,29,29,756,757,757
757,757,757,757,757,757,926,310,1036,336,336,336,336,336,336,336,224,229,254,340,336,336,336,336,336,336,336,336,336,336,336,340,336,336,336,336,1610613105,-1610612369,-1610612368,348,347,347,349,347,347,347,351,347,347,347,347,348,347,347,347,347,350,347,347,347,349,347,347,347,347,347,347,347,347,347,-1073741249,576,543,574,347,1610613104,-1610612367,1036,924,757,757,757,757,757,757,758,29,29,40,29,29,33,57,57,34,29,29,29,29,33,58,140,140,140,142,28,29,29,61,1,1,1,1,62,29,40,29,756,757,757
757,757,757,757,757,757,926,336,336,1036,336,338,336,336,336,336,224,226,336,337,336,311,340,1036,336,1036,1036,336,337,336,336,336,336,336,1610613105,-1610612369,-1610612368,351,347,347,347,347,347,350,347,347,347,347,347,347,347,347,347,348,347,347,347,347,347,347,347,347,347,347,348,347,349,347,348,349,347,-1073741249,-1610612162,-1610612161,351,378,336,336,924,757,757,757,757,767,761,786,29,29,40,113,33,58,140,142,28,29,29,29,29,30,140,140,140,140,141,28,29,29,29,29,29,29,29,29,29,40,40,756,757,757
823,757,757,757,757,757,957,898,336,336,336,336,340,336,336,336,224,257,198,336,338,336,336,1036,1036,310,339,1036,1036,336,339,1610613105,-1610612369,-1610612369,-1610612368,347,347,347,347,347,347,347,348,347,347,348,351,347,348,347,347,351,347,349,347,350,347,351,347,347,349,347,351,347,348,347,347,347,347,347,347,349,347,347,348,378,1036,896,958,757,757,795,757,757,758,40,29,40,29,33,58,140,140,0,62,29,29,29,29,30,140,140,140,0,1,62,29,29,29,29,29,29,29,29,29,40,40,784,762,757
757,757,757,757,757,757,757,926,336,1036,336,336,336,336,336,196,258,308,257,198,336,336,1036,338,336,1036,1036,336,1036,1610613105,-1610612369,-1610612368,347,349,347,347,347,347,347,347,347,350,347,350,347,347,347,347,347,351,347,350,347,348,347,348,347,347,347,347,347,347,347,347,347,347,349,347,347,348,347,347,347,347,1610613104,-1610612367,1036,924,767,757,757,757,757,761,786,40,29,40,29,30,140,140,140,28,29,29,29,29,29,61,2,140,0,62,29,29,29,29,29,29,29,29,29,29,29,40,29,40,756,757
757,757,757,757,757,757,757,926,1036,339,340,336,337,339,339,224,308,309,308,257,198,336,338,1036,1036,1036,340,1610613105,-1610612369,-1610612368,350,347,347,350,347,347,351,347,350,348,347,348,347,347,350,347,347,347,347,347,347,347,347,347,347,351,347,347,347,351,347,347,347,347,347,347,347,350,347,347,347,347,347,1610613104,-1610612367,336,896,958,757,757,757,757,757,758,29,29,40,29,29,61,2,140,0,62,113,29,29,29,29,29,61,1,62,29,29,29,29,29,29,29,29,29,112,29,29,40,112,40,756,757
795,757,757,757,757,757,757,926,1036,1610613102,-1610612372,366,336,336,310,224,308,225,225,225,226,336,338,339,336,336,1036,367,347,350,347,347,347,347,351,347,347,347,347,347,347,349,349,347,348,347,347,347,347,347,347,347,347,347,347,347,351,347,347,350,350,349,347,351,347,347,347,347,347,347,347,350,349,378,310,336,924,757,757,757,757,757,761,786,29,40,40,29,29,29,61,1,62,29,29,29,29,29,29,29,29,29,29,29,29,29,33,57,57,57,34,29,29,29,29,40,29,40,756,757
757,757,757,757,757,757,757,926,1610613102,-1610612371,140,-1073741459,-1610612372,172,1036,224,225,309,308,308,226,336,1036,336,340,336,1036,367,347,348,347,347,347,347,347,347,347,347,347,347,347,350,347,347,347,347,347,347,347,347,347,347,347,348,347,347,347,347,348,347,347,347,347,350,348,347,347,347,347,347,347,347,351,378,1036,896,958,757,757,757,757,757,758,29,29,40,29,29,29,29,29,29,29,29,29,29,29,29,29,29,29,29,29,29,33,57,58,140,140,140,56,34,29,113,29,29,40,40,756,757
757,757,757,757,757,757,929,954,364,140,140,143,140,171,1036,252,230,225,309,308,257,198,1036,336,336,1036,336,367,351,347,347,347,347,347,349,349,347,347,347,347,347,347,348,347,347,347,347,347,349,347,347,351,347,347,347,347,347,347,347,347,347,347,351,347,347,347,347,347,347,347,347,347,1610613104,-1610612367,1036,924,757,757,757,851,757,761,786,40,40,29,29,29,29,29,29,29,29,29,29,29,29,29,29,29,29,33,57,57,58,140,144,142,142,142,140,56,57,57,34,40,40,40,756,757
757,757,757,757,757,823,926,1610613102,-1610612371,140,143,140,140,-1073741459,-1610612372,366,252,253,253,253,230,257,198,339,336,336,1036,367,349,347,347,347,347,347,347,347,349,347,347,347,347,347,347,347,347,347,347,347,347,349,347,349,347,348,347,347,347,347,347,347,351,347,347,347,347,347,347,347,349,347,350,1610613104,-1610612367,338,339,924,851,757,757,757,767,758,29,29,29,29,29,29,29,29,29,29,29,29,29,29,112,29,29,29,29,30,140,140,140,140,140,140,140,140,140,141,143,140,28,40,29,40,756,757
757,757,757,757,757,757,926,364,140,140,141,140,140,140,140,171,1036,1036,1036,1036,252,230,226,336,1036,336,336,367,347,347,347,347,348,347,347,347,347,347,347,347,347,347,347,347,347,349,350,347,347,347,347,347,347,348,347,347,347,347,347,347,347,347,349,350,347,347,347,347,347,347,1610613104,-1610612367,336,896,897,958,757,757,757,757,761,786,40,29,40,113,29,29,112,29,29,29,29,29,112,29,29,29,29,33,57,58,140,140,140,144,140,140,143,141,140,140,140,143,56,34,29,728,790,757
757,757,757,757,757,929,954,364,140,140,140,140,140,140,140,-1073741459,172,1036,1036,336,338,224,226,336,336,1036,340,367,347,347,347,350,347,348,347,347,347,347,347,347,347,347,347,347,347,347,349,347,347,347,351,347,347,347,347,347,349,347,347,347,347,347,347,347,347,350,351,347,347,347,378,1036,336,924,757,757,757,757,757,761,786,40,40,40,29,29,112,29,29,29,29,29,29,29,29,29,29,29,33,58,140,140,140,140,140,144,140,140,140,144,140,141,140,140,140,28,40,756,757,757
757,757,757,757,757,926,340,-1073741458,1610613100,173,144,141,140,143,140,140,171,1036,1036,338,1036,224,226,336,336,336,311,-1073741455,380,347,349,347,347,347,347,347,347,347,347,348,348,347,347,347,348,351,347,347,347,347,348,351,347,347,350,347,347,347,347,347,347,347,347,348,348,350,348,347,349,1610613104,-1610612367,1036,896,958,757,757,795,757,757,758,40,29,29,40,29,29,29,29,29,113,29,29,29,29,29,29,29,33,58,144,140,140,140,140,141,140,140,140,140,140,142,143,140,142,140,28,29,756,757,757
757,757,757,757,757,957,898,336,1036,-1073741458,1610613100,1610613100,173,140,140,140,171,1036,1036,1036,1036,224,226,336,336,337,1036,1036,367,347,347,347,347,347,347,347,347,350,351,347,347,347,347,347,347,347,347,347,351,347,348,347,347,347,350,347,347,347,347,347,347,347,347,347,347,351,1610613104,1610613103,1610613103,-1610612367,336,896,958,757,757,795,757,757,761,786,40,40,40,29,29,29,29,29,29,29,29,29,29,29,29,33,57,58,140,144,140,140,140,140,140,140,143,141,140,140,140,140,140,143,140,28,40,756,767,757
757,767,851,757,757,757,957,897,897,897,898,311,-1073741458,1610613100,1610613100,365,171,1036,336,340,336,224,257,198,311,336,336,340,367,347,347,349,347,347,347,347,347,347,347,347,347,351,347,347,347,347,347,347,347,347,350,347,347,347,347,347,350,347,347,347,351,347,347,347,347,347,378,1036,336,1036,896,958,757,757,757,757,757,761,786,29,29,40,29,29,29,29,29,29,29,29,29,29,33,57,57,58,140,140,140,140,144,140,140,140,140,140,141,144,140,140,140,140,140,140,140,28,728,790,757,757
757,757,757,757,757,757,757,757,757,767,957,897,897,897,898,-1073741458,-1610612370,1036,336,1036,1036,252,230,226,1036,336,336,338,-1073741455,1610613103,380,350,347,348,347,351,347,347,349,350,347,347,347,347,347,350,347,347,347,347,347,347,347,347,351,347,347,350,347,347,347,347,348,347,347,1610613104,-1610612367,1036,1036,896,958,823,757,757,757,757,761,786,29,29,40,29,29,29,29,29,33,57,57,57,57,57,58,140,140,140,140,140,142,140,140,140,141,140,142,140,140,140,140,140,140,140,140,140,142,28,756,757,757,757
757,757,757,757,851,757,757,757,757,757,757,757,757,757,957,898,336,340,1036,311,336,336,252,254,1036,1036,310,1036,337,340,367,349,347,347,347,347,347,347,347,347,347,347,347,347,349,347,347,347,347,347,347,347,347,347,349,349,347,347,347,347,347,351,347,347,1610613104,-1610612367,336,1036,896,958,757,757,757,757,757,757,758,29,113,40,40,33,57,57,57,57,58,140,144,141,140,140,140,140,140,144,142,141,140,144,140,140,140,140,140,140,142,142,140,143,140,142,140,140,0,62,756,757,757,757
757,757,757,757,757,757,757,757,757,823,757,757,757,757,757,957,897,898,336,1036,336,336,336,1036,1036,336,1036,336,336,1036,367,347,347,347,347,347,347,349,349,347,347,1610613311,1610613310,1610613310,1610613310,1610613310,1610613310,1610613310,1610613310,575,351,347,347,347,347,347,347,347,347,347,347,348,347,1610613104,-1610612367,340,336,336,924,757,757,757,757,757,757,761,786,40,40,29,33,58,140,140,140,142,140,140,143,142,140,140,140,140,142,144,140,140,140,143,140,140,140,140,142,140,140,143,140,140,140,140,140,140,28,29,756,757,757,757
757,757,757,757,757,757,757,757,757,757,757,757,757,757,757,757,757,957,897,1610613802,1610613830,1610613858,898,336,336,336,336,1036,336,1036,367,347,347,347,347,350,347,347,347,347,351,-1073741250,543,543,543,546,543,544,543,-1073741248,1610613310,575,350,347,347,347,347,351,348,347,347,347,1610613104,-1610612367,1036,339,896,897,958,757,757,757,767,757,761,786,29,40,29,33,58,143,140,140,140,140,1610613112,-1610612568,-1610612568,-1610612568,376,140,140,140,140,140,141,140,140,140,140,140,142,140,140,144,140,143,143,143,140,141,140,140,28,728,790,757,757,757
757,757,757,757,757,757,761,785,785,785,785,785,785,785,785,762,757,757,757,1610613801,925,1610613857,957,897,897,897,898,339,1036,336,-1073741455,1610613103,1610613103,368,347,347,347,347,347,347,347,-1073741249,576,543,543,543,543,544,543,543,545,574,347,347,347,347,347,348,347,351,347,1610613104,-1610612367,1036,1036,1036,924,757,851,757,757,757,757,757,758,29,29,40,33,58,144,140,140,1610613112,-1610612568,-1610612568,-1610612359,347,351,347,-1073741447,-1610612568,376,140,140,140,140,140,140,140,140,141,140,140,140,142,140,140,140,140,140,141,140,140,28,756,757,757,757,757
757,757,761,785,785,785,786,29,29,29,40,29,29,40,29,784,785,785,785,1610613800,1610613828,1610613856,762,925,925,925,957,897,898,338,339,337,311,-1073741455,1610613103,1610613103,368,347,347,347,347,347,-1073741249,-1610612162,-1610612162,-1610612162,-1610612162,576,543,543,1610613312,-1610612161,347,347,347,347,347,1610613104,1610613103,1610613103,1610613103,-1610612367,336,336,1036,340,924,757,757,757,823,757,757,757,758,29,40,40,30,140,140,140,1610613112,-1610612359,347,347,348,347,347,347,347,347,-1073741447,376,140,140,140,140,140,140,144,140,140,140,140,140,140,140,140,140,140,140,140,140,28,756,757,757,757,757
757,757,758,29,40,29,29,40,40,40,40,29,40,40,29,40,29,40,29,29,40,29,784,785,785,762,925,925,957,897,897,897,897,898,337,1036,-1073741455,380,347,347,349,347,347,347,349,351,350,-1073741249,-1610612162,-1610612162,-1610612161,347,347,1610613104,1610613103,1610613103,1610613103,-1610612367,336,336,1036,336,1036,336,896,897,958,851,757,757,757,757,757,757,758,29,40,29,30,140,140,140,168,347,347,347,347,348,347,347,347,347,348,375,140,142,142,140,140,140,141,140,140,140,140,140,140,140,140,141,140,140,140,140,28,784,762,757,757,757
757,761,786,29,29,40,40,40,40,29,40,40,40,40,29,40,40,40,29,40,29,40,40,40,29,784,785,762,757,757,757,757,757,957,898,1036,1036,-1073741455,1610613103,1610613103,1610613103,380,347,347,347,349,347,347,1610613104,1610613103,1610613103,1610613103,1610613103,-1610612367,1036,1036,336,340,310,1036,1036,1036,336,896,958,757,757,757,767,757,757,757,795,757,758,40,40,29,30,143,140,140,-1073741448,169,349,347,347,348,347,347,347,347,348,375,140,140,142,140,140,141,140,140,141,140,140,144,140,140,140,140,140,140,140,140,28,29,784,762,757,757
757,758,29,40,40,29,29,40,40,29,29,29,29,29,40,29,40,40,29,40,29,40,112,29,40,29,40,784,785,762,757,757,757,757,926,310,1036,336,1036,1036,336,-1073741455,1610613103,1610613103,1610613103,1610613103,1610613103,1610613103,-1610612367,336,311,336,336,310,1036,336,1036,337,1036,340,1036,1036,336,924,767,757,757,757,757,757,757,757,757,757,758,29,40,29,61,1,2,140,140,-1073741448,377,351,347,347,347,347,347,347,347,375,140,140,140,140,141,140,140,140,140,140,144,140,140,140,140,0,1,2,140,140,56,34,40,756,757,757
757,758,40,29,40,29,29,29,40,29,29,29,40,40,40,40,29,40,40,40,40,29,40,29,40,40,29,29,29,784,762,757,757,757,957,897,897,897,897,898,336,336,310,1036,336,1036,1036,311,336,336,336,1036,339,896,897,897,897,897,897,897,897,897,897,958,757,757,757,757,757,757,757,757,757,757,789,730,29,40,40,29,30,140,140,140,-1073741448,1610612904,1610612904,169,347,347,347,348,347,375,140,141,140,140,140,140,140,140,140,140,140,140,144,0,1,62,40,61,1,2,140,56,34,784,762,757
757,758,40,40,29,40,29,40,29,40,40,29,29,29,40,40,29,40,40,40,112,40,112,29,40,29,29,29,40,40,784,762,757,757,757,757,757,757,757,957,897,897,898,1036,1036,1036,336,336,336,336,336,338,896,958,767,757,757,757,757,757,757,757,757,757,757,757,757,757,757,757,757,757,757,757,757,758,40,29,29,29,61,1,1,2,140,140,143,-1073741448,1610612904,1610612904,1610612904,1610612904,1610612904,-1610612360,140,140,140,140,140,140,140,140,140,140,140,0,1,62,29,40,728,730,40,30,140,140,28,40,756,757
757,789,730,40,40,29,29,40,29,40,40,29,40,29,113,29,40,29,40,40,40,29,40,29,40,40,29,40,29,29,29,756,757,757,757,757,757,757,757,757,757,757,957,897,897,897,897,897,897,897,897,897,958,757,757,757,757,757,757,757,757,757,757,757,795,757,757,757,757,757,757,757,757,757,757,758,40,29,29,29,40,29,40,61,1,1,1,2,140,144,141,140,140,140,140,140,140,140,140,142,140,140,140,140,140,28,40,40,29,728,790,789,730,30,140,140,28,29,756,757
757,757,758,40,40,40,40,29,40,40,40,40,728,729,729,730,29,40,29,40,40,29,40,29,29,40,29,40,40,29,40,756,757,757,757,757,757,757,757,757,757,823,757,757,757,757,757,767,757,757,757,757,757,757,757,757,757,757,757,757,757,757,757,757,757,757,757,757,757,757,757,757,851,757,757,789,729,730,40,40,29,29,29,112,29,29,29,61,1,1,1,1,1,2,141,140,140,144,140,0,1,1,1,1,1,62,40,40,728,790,757,757,758,61,1,1,62,728,790,757
757,823,789,730,29,40,29,40,40,40,29,728,790,757,757,789,729,729,729,730,40,29,29,29,728,729,730,29,40,29,728,790,757,757,757,757,757,757,757,757,757,757,757,757,757,757,757,757,757,757,757,757,757,757,757,757,757,757,757,757,757,757,757,757,757,757,757,757,767,757,757,757,757,757,757,757,757,789,729,729,729,729,729,729,729,729,730,40,40,29,40,29,29,61,1,1,1,1,1,62,29,29,40,40,29,113,40,728,790,757,757,757,789,730,40,29,40,756,757,757
757,757,757,789,729,730,29,40,40,29,40,756,757,757,757,757,757,757,757,789,729,729,729,729,790,757,789,729,729,729,790,851,757,757,757,757,757,757,757,757,757,757,757,757,767,757,757,757,757,757,757,757,757,757,757,823,757,757,757,767,757,757,757,757,757,757,757,757,757,757,757,757,757,851,757,757,757,757,757,757,767,757,757,757,757,757,789,729,729,729,729,729,730,29,40,29,40,29,40,40,728,729,729,729,729,729,729,790,757,757,757,757,767,789,729,729,729,790,757,757
757,757,757,795,757,789,729,730,29,728,729,790,757,757,757,757,757,757,757,757,757,795,851,757,757,823,757,757,757,757,757,757,757,757,757,757,757,757,757,757,757,757,757,757,757,757,757,757,757,757,757,757,757,757,757,757,757,757,757,757,757,757,757,757,757,757,757,757,757,757,757,757,757,757,795,757,757,757,851,757,757,757,757,757,757,757,767,757,851,757,757,767,789,729,729,729,729,729,729,729,790,757,757,757,757,757,757,757,757,795,757,757,757,757,757,757,757,757,757,795
757,757,757,757,757,757,757,789,729,790,757,757,757,757,757,757,757,757,757,757,757,757,757,757,757,757,757,757,757,757,757,757,757,757,757,757,795,757,757,757,757,757,757,757,757,757,767,757,851,757,757,757,757,757,757,757,757,757,757,757,757,757,757,757,757,757,757,767,757,767,757,757,757,757,757,757,757,757,757,757,757,757,757,795,757,757,757,757,757,757,757,757,757,757,757,767,757,757,767,757,757,757,851,851,757,757,757,757,757,795,757,757,757,757,757,757,757,757,757,757
